{"type": "record", "namespace": "com.mycorp.mynamespace", "name": "sampleRecord", "doc": "Sample schema to help you get started.", "fields": [{"name": "class", "type": "string", "doc": "The string type."}, {"name": "aa_000", "type": "string", "doc": "The string type."}, {"name": "ab_000", "type": "string", "doc": "The string type."}, {"name": "ac_000", "type": "string", "doc": "The string type."}, {"name": "ad_000", "type": "string", "doc": "The string type."}, {"name": "ae_000", "type": "string", "doc": "The string type."}, {"name": "af_000", "type": "string", "doc": "The string type."}, {"name": "ag_000", "type": "string", "doc": "The string type."}, {"name": "ag_001", "type": "string", "doc": "The string type."}, {"name": "ag_002", "type": "string", "doc": "The string type."}, {"name": "ag_003", "type": "string", "doc": "The string type."}, {"name": "ag_004", "type": "string", "doc": "The string type."}, {"name": "ag_005", "type": "string", "doc": "The string type."}, {"name": "ag_006", "type": "string", "doc": "The string type."}, {"name": "ag_007", "type": "string", "doc": "The string type."}, {"name": "ag_008", "type": "string", "doc": "The string type."}, {"name": "ag_009", "type": "string", "doc": "The string type."}, {"name": "ah_000", "type": "string", "doc": "The string type."}, {"name": "ai_000", "type": "string", "doc": "The string type."}, {"name": "aj_000", "type": "string", "doc": "The string type."}, {"name": "ak_000", "type": "string", "doc": "The string type."}, {"name": "al_000", "type": "string", "doc": "The string type."}, {"name": "am_0", "type": "string", "doc": "The string type."}, {"name": "an_000", "type": "string", "doc": "The string type."}, {"name": "ao_000", "type": "string", "doc": "The string type."}, {"name": "ap_000", "type": "string", "doc": "The string type."}, {"name": "aq_000", "type": "string", "doc": "The string type."}, {"name": "ar_000", "type": "string", "doc": "The string type."}, {"name": "as_000", "type": "string", "doc": "The string type."}, {"name": "at_000", "type": "string", "doc": "The string type."}, {"name": "au_000", "type": "string", "doc": "The string type."}, {"name": "av_000", "type": "string", "doc": "The string type."}, {"name": "ax_000", "type": "string", "doc": "The string type."}, {"name": "ay_000", "type": "string", "doc": "The string type."}, {"name": "ay_001", "type": "string", "doc": "The string type."}, {"name": "ay_002", "type": "string", "doc": "The string type."}, {"name": "ay_003", "type": "string", "doc": "The string type."}, {"name": "ay_004", "type": "string", "doc": "The string type."}, {"name": "ay_005", "type": "string", "doc": "The string type."}, {"name": "ay_006", "type": "string", "doc": "The string type."}, {"name": "ay_007", "type": "string", "doc": "The string type."}, {"name": "ay_008", "type": "string", "doc": "The string type."}, {"name": "ay_009", "type": "string", "doc": "The string type."}, {"name": "az_000", "type": "string", "doc": "The string type."}, {"name": "az_001", "type": "string", "doc": "The string type."}, {"name": "az_002", "type": "string", "doc": "The string type."}, {"name": "az_003", "type": "string", "doc": "The string type."}, {"name": "az_004", "type": "string", "doc": "The string type."}, {"name": "az_005", "type": "string", "doc": "The string type."}, {"name": "az_006", "type": "string", "doc": "The string type."}, {"name": "az_007", "type": "string", "doc": "The string type."}, {"name": "az_008", "type": "string", "doc": "The string type."}, {"name": "az_009", "type": "string", "doc": "The string type."}, {"name": "ba_000", "type": "string", "doc": "The string type."}, {"name": "ba_001", "type": "string", "doc": "The string type."}, {"name": "ba_002", "type": "string", "doc": "The string type."}, {"name": "ba_003", "type": "string", "doc": "The string type."}, {"name": "ba_004", "type": "string", "doc": "The string type."}, {"name": "ba_005", "type": "string", "doc": "The string type."}, {"name": "ba_006", "type": "string", "doc": "The string type."}, {"name": "ba_007", "type": "string", "doc": "The string type."}, {"name": "ba_008", "type": "string", "doc": "The string type."}, {"name": "ba_009", "type": "string", "doc": "The string type."}, {"name": "bb_000", "type": "string", "doc": "The string type."}, {"name": "bc_000", "type": "string", "doc": "The string type."}, {"name": "bd_000", "type": "string", "doc": "The string type."}, {"name": "be_000", "type": "string", "doc": "The string type."}, {"name": "bf_000", "type": "string", "doc": "The string type."}, {"name": "bg_000", "type": "string", "doc": "The string type."}, {"name": "bh_000", "type": "string", "doc": "The string type."}, {"name": "bi_000", "type": "string", "doc": "The string type."}, {"name": "bj_000", "type": "string", "doc": "The string type."}, {"name": "bk_000", "type": "string", "doc": "The string type."}, {"name": "bl_000", "type": "string", "doc": "The string type."}, {"name": "bm_000", "type": "string", "doc": "The string type."}, {"name": "bn_000", "type": "string", "doc": "The string type."}, {"name": "bo_000", "type": "string", "doc": "The string type."}, {"name": "bp_000", "type": "string", "doc": "The string type."}, {"name": "bq_000", "type": "string", "doc": "The string type."}, {"name": "br_000", "type": "string", "doc": "The string type."}, {"name": "bs_000", "type": "string", "doc": "The string type."}, {"name": "bt_000", "type": "string", "doc": "The string type."}, {"name": "bu_000", "type": "string", "doc": "The string type."}, {"name": "bv_000", "type": "string", "doc": "The string type."}, {"name": "bx_000", "type": "string", "doc": "The string type."}, {"name": "by_000", "type": "string", "doc": "The string type."}, {"name": "bz_000", "type": "string", "doc": "The string type."}, {"name": "ca_000", "type": "string", "doc": "The string type."}, {"name": "cb_000", "type": "string", "doc": "The string type."}, {"name": "cc_000", "type": "string", "doc": "The string type."}, {"name": "cd_000", "type": "string", "doc": "The string type."}, {"name": "ce_000", "type": "string", "doc": "The string type."}, {"name": "cf_000", "type": "string", "doc": "The string type."}, {"name": "cg_000", "type": "string", "doc": "The string type."}, {"name": "ch_000", "type": "string", "doc": "The string type."}, {"name": "ci_000", "type": "string", "doc": "The string type."}, {"name": "cj_000", "type": "string", "doc": "The string type."}, {"name": "ck_000", "type": "string", "doc": "The string type."}, {"name": "cl_000", "type": "string", "doc": "The string type."}, {"name": "cm_000", "type": "string", "doc": "The string type."}, {"name": "cn_000", "type": "string", "doc": "The string type."}, {"name": "cn_001", "type": "string", "doc": "The string type."}, {"name": "cn_002", "type": "string", "doc": "The string type."}, {"name": "cn_003", "type": "string", "doc": "The string type."}, {"name": "cn_004", "type": "string", "doc": "The string type."}, {"name": "cn_005", "type": "string", "doc": "The string type."}, {"name": "cn_006", "type": "string", "doc": "The string type."}, {"name": "cn_007", "type": "string", "doc": "The string type."}, {"name": "cn_008", "type": "string", "doc": "The string type."}, {"name": "cn_009", "type": "string", "doc": "The string type."}, {"name": "co_000", "type": "string", "doc": "The string type."}, {"name": "cp_000", "type": "string", "doc": "The string type."}, {"name": "cq_000", "type": "string", "doc": "The string type."}, {"name": "cr_000", "type": "string", "doc": "The string type."}, {"name": "cs_000", "type": "string", "doc": "The string type."}, {"name": "cs_001", "type": "string", "doc": "The string type."}, {"name": "cs_002", "type": "string", "doc": "The string type."}, {"name": "cs_003", "type": "string", "doc": "The string type."}, {"name": "cs_004", "type": "string", "doc": "The string type."}, {"name": "cs_005", "type": "string", "doc": "The string type."}, {"name": "cs_006", "type": "string", "doc": "The string type."}, {"name": "cs_007", "type": "string", "doc": "The string type."}, {"name": "cs_008", "type": "string", "doc": "The string type."}, {"name": "cs_009", "type": "string", "doc": "The string type."}, {"name": "ct_000", "type": "string", "doc": "The string type."}, {"name": "cu_000", "type": "string", "doc": "The string type."}, {"name": "cv_000", "type": "string", "doc": "The string type."}, {"name": "cx_000", "type": "string", "doc": "The string type."}, {"name": "cy_000", "type": "string", "doc": "The string type."}, {"name": "cz_000", "type": "string", "doc": "The string type."}, {"name": "da_000", "type": "string", "doc": "The string type."}, {"name": "db_000", "type": "string", "doc": "The string type."}, {"name": "dc_000", "type": "string", "doc": "The string type."}, {"name": "dd_000", "type": "string", "doc": "The string type."}, {"name": "de_000", "type": "string", "doc": "The string type."}, {"name": "df_000", "type": "string", "doc": "The string type."}, {"name": "dg_000", "type": "string", "doc": "The string type."}, {"name": "dh_000", "type": "string", "doc": "The string type."}, {"name": "di_000", "type": "string", "doc": "The string type."}, {"name": "dj_000", "type": "string", "doc": "The string type."}, {"name": "dk_000", "type": "string", "doc": "The string type."}, {"name": "dl_000", "type": "string", "doc": "The string type."}, {"name": "dm_000", "type": "string", "doc": "The string type."}, {"name": "dn_000", "type": "string", "doc": "The string type."}, {"name": "do_000", "type": "string", "doc": "The string type."}, {"name": "dp_000", "type": "string", "doc": "The string type."}, {"name": "dq_000", "type": "string", "doc": "The string type."}, {"name": "dr_000", "type": "string", "doc": "The string type."}, {"name": "ds_000", "type": "string", "doc": "The string type."}, {"name": "dt_000", "type": "string", "doc": "The string type."}, {"name": "du_000", "type": "string", "doc": "The string type."}, {"name": "dv_000", "type": "string", "doc": "The string type."}, {"name": "dx_000", "type": "string", "doc": "The string type."}, {"name": "dy_000", "type": "string", "doc": "The string type."}, {"name": "dz_000", "type": "string", "doc": "The string type."}, {"name": "ea_000", "type": "string", "doc": "The string type."}, {"name": "eb_000", "type": "string", "doc": "The string type."}, {"name": "ec_00", "type": "string", "doc": "The string type."}, {"name": "ed_000", "type": "string", "doc": "The string type."}, {"name": "ee_000", "type": "string", "doc": "The string type."}, {"name": "ee_001", "type": "string", "doc": "The string type."}, {"name": "ee_002", "type": "string", "doc": "The string type."}, {"name": "ee_003", "type": "string", "doc": "The string type."}, {"name": "ee_004", "type": "string", "doc": "The string type."}, {"name": "ee_005", "type": "string", "doc": "The string type."}, {"name": "ee_006", "type": "string", "doc": "The string type."}, {"name": "ee_007", "type": "string", "doc": "The string type."}, {"name": "ee_008", "type": "string", "doc": "The string type."}, {"name": "ee_009", "type": "string", "doc": "The string type."}, {"name": "ef_000", "type": "string", "doc": "The string type."}, {"name": "eg_000", "type": "string", "doc": "The string type."}]}